,State,Type,Year,Case
0,AK,Emotional Abuse,2015,718.0
1,AK,Emotional Abuse,2016,985.0
2,AK,Emotional Abuse,2017,770.0
3,AK,Emotional Abuse,2018,684.0
4,AK,Emotional Abuse,2019,994.0
5,AK,Emotional Abuse,2020,1068.0
6,AK,Emotional Abuse,2021,894.0
7,AK,Emotional Abuse,2022,887.0
8,AK,Medical Neglect,2015,84.0
9,AK,Medical Neglect,2016,73.0
10,AK,Medical Neglect,2017,5.0
11,AK,Medical Neglect,2018,69.0
12,AK,Medical Neglect,2019,90.0
13,AK,Medical Neglect,2020,112.0
14,AK,Medical Neglect,2021,101.0
15,AK,Medical Neglect,2022,78.0
16,AK,Neglect,2015,2358.0
17,AK,Neglect,2016,2382.0
18,AK,Neglect,2017,2133.0
19,AK,Neglect,2018,2011.0
20,AK,Neglect,2019,2286.0
21,AK,Neglect,2020,2275.0
22,AK,Neglect,2021,2018.0
23,AK,Neglect,2022,1887.0
24,AK,Physical Abuse,2015,331.0
25,AK,Physical Abuse,2016,376.0
26,AK,Physical Abuse,2017,393.0
27,AK,Physical Abuse,2018,427.0
28,AK,Physical Abuse,2019,487.0
29,AK,Physical Abuse,2020,683.0
30,AK,Physical Abuse,2021,567.0
31,AK,Physical Abuse,2022,606.0
32,AK,Sexual Abuse,2015,155.0
33,AK,Sexual Abuse,2016,181.0
34,AK,Sexual Abuse,2017,148.0
35,AK,Sexual Abuse,2018,201.0
36,AK,Sexual Abuse,2019,279.0
37,AK,Sexual Abuse,2020,295.0
38,AK,Sexual Abuse,2021,227.0
39,AK,Sexual Abuse,2022,252.0
40,AL,Emotional Abuse,2015,21.0
41,AL,Emotional Abuse,2016,34.0
42,AL,Emotional Abuse,2017,41.0
43,AL,Emotional Abuse,2018,38.0
44,AL,Emotional Abuse,2019,24.0
45,AL,Emotional Abuse,2020,21.0
46,AL,Emotional Abuse,2021,19.0
47,AL,Emotional Abuse,2022,14.0
48,AL,Medical Neglect,2015,67.0
49,AL,Medical Neglect,2016,77.0
50,AL,Medical Neglect,2017,91.0
51,AL,Medical Neglect,2018,76.0
52,AL,Medical Neglect,2019,86.0
53,AL,Medical Neglect,2020,81.0
54,AL,Medical Neglect,2021,79.0
55,AL,Medical Neglect,2022,75.0
56,AL,Neglect,2015,3262.0
57,AL,Neglect,2016,4075.0
58,AL,Neglect,2017,4643.0
59,AL,Neglect,2018,5072.0
60,AL,Neglect,2019,4539.0
61,AL,Neglect,2020,4967.0
62,AL,Neglect,2021,5011.0
63,AL,Neglect,2022,4768.0
64,AL,Physical Abuse,2015,4392.0
65,AL,Physical Abuse,2016,5364.0
66,AL,Physical Abuse,2017,5685.0
67,AL,Physical Abuse,2018,6324.0
68,AL,Physical Abuse,2019,6249.0
69,AL,Physical Abuse,2020,5712.0
70,AL,Physical Abuse,2021,6062.0
71,AL,Physical Abuse,2022,6143.0
72,AL,Sexual Abuse,2015,1463.0
73,AL,Sexual Abuse,2016,1552.0
74,AL,Sexual Abuse,2017,1583.0
75,AL,Sexual Abuse,2018,1981.0
76,AL,Sexual Abuse,2019,2035.0
77,AL,Sexual Abuse,2020,2164.0
78,AL,Sexual Abuse,2021,2103.0
79,AL,Sexual Abuse,2022,2001.0
80,AR,Emotional Abuse,2015,123.0
81,AR,Emotional Abuse,2016,118.0
82,AR,Emotional Abuse,2017,150.0
83,AR,Emotional Abuse,2018,106.0
84,AR,Emotional Abuse,2019,90.0
85,AR,Emotional Abuse,2020,175.0
86,AR,Emotional Abuse,2021,142.0
87,AR,Emotional Abuse,2022,184.0
88,AR,Medical Neglect,2015,1206.0
89,AR,Medical Neglect,2016,1311.0
90,AR,Medical Neglect,2017,1450.0
91,AR,Medical Neglect,2018,1419.0
92,AR,Medical Neglect,2019,1434.0
93,AR,Medical Neglect,2020,218.0
94,AR,Neglect,2015,5026.0
95,AR,Neglect,2016,5393.0
96,AR,Neglect,2017,4955.0
97,AR,Neglect,2018,3961.0
98,AR,Neglect,2019,4223.0
99,AR,Neglect,2020,6352.0
100,AR,Neglect,2021,6810.0
101,AR,Neglect,2022,6034.0
102,AR,Physical Abuse,2015,2009.0
103,AR,Physical Abuse,2016,2002.0
104,AR,Physical Abuse,2017,2020.0
105,AR,Physical Abuse,2018,2473.0
106,AR,Physical Abuse,2019,2011.0
107,AR,Physical Abuse,2020,1789.0
108,AR,Physical Abuse,2021,1720.0
109,AR,Physical Abuse,2022,1568.0
110,AR,Sexual Abuse,2015,1873.0
111,AR,Sexual Abuse,2016,1962.0
112,AR,Sexual Abuse,2017,1769.0
113,AR,Sexual Abuse,2018,1683.0
114,AR,Sexual Abuse,2019,1603.0
115,AR,Sexual Abuse,2020,1741.0
116,AR,Sexual Abuse,2021,1750.0
117,AR,Sexual Abuse,2022,1832.0
118,AZ,Emotional Abuse,2015,6.0
119,AZ,Emotional Abuse,2016,11.0
120,AZ,Emotional Abuse,2017,2.0
121,AZ,Emotional Abuse,2018,9.0
122,AZ,Emotional Abuse,2019,8.0
123,AZ,Emotional Abuse,2020,5.0
124,AZ,Emotional Abuse,2022,850.0
125,AZ,Medical Neglect,2022,14.0
126,AZ,Neglect,2015,11053.0
127,AZ,Neglect,2016,10002.0
128,AZ,Neglect,2017,9112.0
129,AZ,Neglect,2018,14185.0
130,AZ,Neglect,2019,11736.0
131,AZ,Neglect,2020,9102.0
132,AZ,Neglect,2022,10992.0
133,AZ,Physical Abuse,2015,1071.0
134,AZ,Physical Abuse,2016,884.0
135,AZ,Physical Abuse,2017,797.0
136,AZ,Physical Abuse,2018,1237.0
137,AZ,Physical Abuse,2019,1005.0
138,AZ,Physical Abuse,2020,829.0
139,AZ,Physical Abuse,2022,1294.0
140,AZ,Sexual Abuse,2015,346.0
141,AZ,Sexual Abuse,2016,380.0
142,AZ,Sexual Abuse,2017,319.0
143,AZ,Sexual Abuse,2018,617.0
144,AZ,Sexual Abuse,2019,494.0
145,AZ,Sexual Abuse,2020,382.0
146,AZ,Sexual Abuse,2022,581.0
147,CA,Emotional Abuse,2015,9040.0
148,CA,Emotional Abuse,2016,8027.0
149,CA,Emotional Abuse,2017,6857.0
150,CA,Emotional Abuse,2018,6671.0
151,CA,Emotional Abuse,2019,5846.0
152,CA,Emotional Abuse,2020,5422.0
153,CA,Emotional Abuse,2021,4501.0
154,CA,Emotional Abuse,2022,3963.0
155,CA,Medical Neglect,2015,161.0
156,CA,Medical Neglect,2016,140.0
157,CA,Medical Neglect,2017,103.0
158,CA,Medical Neglect,2018,327.0
159,CA,Medical Neglect,2019,78.0
160,CA,Medical Neglect,2020,47.0
161,CA,Medical Neglect,2021,56.0
162,CA,Medical Neglect,2022,64.0
163,CA,Neglect,2015,61984.0
164,CA,Neglect,2016,59061.0
165,CA,Neglect,2017,56988.0
166,CA,Neglect,2018,55894.0
167,CA,Neglect,2019,56939.0
168,CA,Neglect,2020,53647.0
169,CA,Neglect,2021,49013.0
170,CA,Neglect,2022,44989.0
171,CA,Physical Abuse,2015,6466.0
172,CA,Physical Abuse,2016,5935.0
173,CA,Physical Abuse,2017,5321.0
174,CA,Physical Abuse,2018,4883.0
175,CA,Physical Abuse,2019,4582.0
176,CA,Physical Abuse,2020,4131.0
177,CA,Physical Abuse,2021,3602.0
178,CA,Physical Abuse,2022,3496.0
179,CA,Sexual Abuse,2015,3617.0
180,CA,Sexual Abuse,2016,3615.0
181,CA,Sexual Abuse,2017,3494.0
182,CA,Sexual Abuse,2018,3347.0
183,CA,Sexual Abuse,2019,3413.0
184,CA,Sexual Abuse,2020,3256.0
185,CA,Sexual Abuse,2021,3821.0
186,CA,Sexual Abuse,2022,3448.0
187,CO,Emotional Abuse,2015,313.0
188,CO,Emotional Abuse,2016,317.0
189,CO,Emotional Abuse,2017,268.0
190,CO,Emotional Abuse,2019,254.0
191,CO,Emotional Abuse,2020,216.0
192,CO,Emotional Abuse,2021,224.0
193,CO,Emotional Abuse,2022,211.0
194,CO,Medical Neglect,2015,154.0
195,CO,Medical Neglect,2016,178.0
196,CO,Medical Neglect,2017,181.0
197,CO,Medical Neglect,2019,155.0
198,CO,Medical Neglect,2020,141.0
199,CO,Medical Neglect,2021,174.0
200,CO,Medical Neglect,2022,138.0
201,CO,Neglect,2015,8071.0
202,CO,Neglect,2016,8988.0
203,CO,Neglect,2017,9426.0
204,CO,Neglect,2018,9769.0
205,CO,Neglect,2019,10064.0
206,CO,Neglect,2020,9651.0
207,CO,Neglect,2021,9142.0
208,CO,Neglect,2022,7964.0
209,CO,Physical Abuse,2015,1149.0
210,CO,Physical Abuse,2016,1272.0
211,CO,Physical Abuse,2017,1287.0
212,CO,Physical Abuse,2018,1227.0
213,CO,Physical Abuse,2019,1213.0
214,CO,Physical Abuse,2020,1157.0
215,CO,Physical Abuse,2021,1081.0
216,CO,Physical Abuse,2022,935.0
217,CO,Sexual Abuse,2015,1008.0
218,CO,Sexual Abuse,2016,1062.0
219,CO,Sexual Abuse,2017,1065.0
220,CO,Sexual Abuse,2018,1009.0
221,CO,Sexual Abuse,2019,1163.0
222,CO,Sexual Abuse,2020,1035.0
223,CO,Sexual Abuse,2021,1169.0
224,CO,Sexual Abuse,2022,1061.0
225,CT,Emotional Abuse,2015,2036.0
226,CT,Emotional Abuse,2016,2300.0
227,CT,Emotional Abuse,2017,2434.0
228,CT,Emotional Abuse,2018,2383.0
229,CT,Emotional Abuse,2019,2560.0
230,CT,Emotional Abuse,2020,1933.0
231,CT,Emotional Abuse,2021,1493.0
232,CT,Emotional Abuse,2022,1336.0
233,CT,Medical Neglect,2015,241.0
234,CT,Medical Neglect,2016,230.0
235,CT,Medical Neglect,2017,305.0
236,CT,Medical Neglect,2018,216.0
237,CT,Medical Neglect,2019,245.0
238,CT,Medical Neglect,2020,165.0
239,CT,Medical Neglect,2021,151.0
240,CT,Medical Neglect,2022,129.0
241,CT,Neglect,2015,5866.0
242,CT,Neglect,2016,6585.0
243,CT,Neglect,2017,7119.0
244,CT,Neglect,2018,6523.0
245,CT,Neglect,2019,6893.0
246,CT,Neglect,2020,5379.0
247,CT,Neglect,2021,4825.0
248,CT,Neglect,2022,4292.0
249,CT,Physical Abuse,2015,467.0
250,CT,Physical Abuse,2016,516.0
251,CT,Physical Abuse,2017,510.0
252,CT,Physical Abuse,2018,408.0
253,CT,Physical Abuse,2019,433.0
254,CT,Physical Abuse,2020,350.0
255,CT,Physical Abuse,2021,256.0
256,CT,Physical Abuse,2022,303.0
257,CT,Sexual Abuse,2015,389.0
258,CT,Sexual Abuse,2016,364.0
259,CT,Sexual Abuse,2017,392.0
260,CT,Sexual Abuse,2018,380.0
261,CT,Sexual Abuse,2019,371.0
262,CT,Sexual Abuse,2020,372.0
263,CT,Sexual Abuse,2021,385.0
264,CT,Sexual Abuse,2022,410.0
265,DC,Neglect,2015,1136.0
266,DC,Neglect,2016,1160.0
267,DC,Neglect,2017,1399.0
268,DC,Neglect,2018,1435.0
269,DC,Neglect,2019,1605.0
270,DC,Neglect,2020,1398.0
271,DC,Neglect,2021,1514.0
272,DC,Neglect,2022,1411.0
273,DC,Physical Abuse,2015,269.0
274,DC,Physical Abuse,2016,261.0
275,DC,Physical Abuse,2017,290.0
276,DC,Physical Abuse,2018,292.0
277,DC,Physical Abuse,2019,275.0
278,DC,Physical Abuse,2020,206.0
279,DC,Physical Abuse,2021,205.0
280,DC,Physical Abuse,2022,214.0
281,DC,Sexual Abuse,2015,40.0
282,DC,Sexual Abuse,2016,72.0
283,DC,Sexual Abuse,2017,63.0
284,DC,Sexual Abuse,2018,61.0
285,DC,Sexual Abuse,2019,64.0
286,DC,Sexual Abuse,2020,36.0
287,DC,Sexual Abuse,2021,35.0
288,DC,Sexual Abuse,2022,38.0
289,DE,Emotional Abuse,2015,658.0
290,DE,Emotional Abuse,2016,604.0
291,DE,Emotional Abuse,2017,591.0
292,DE,Emotional Abuse,2019,480.0
293,DE,Emotional Abuse,2020,454.0
294,DE,Emotional Abuse,2021,375.0
295,DE,Emotional Abuse,2022,301.0
296,DE,Medical Neglect,2015,12.0
297,DE,Medical Neglect,2016,24.0
298,DE,Medical Neglect,2017,22.0
299,DE,Medical Neglect,2021,6.0
300,DE,Medical Neglect,2022,14.0
301,DE,Neglect,2015,454.0
302,DE,Neglect,2016,451.0
303,DE,Neglect,2017,442.0
304,DE,Neglect,2018,749.0
305,DE,Neglect,2019,376.0
306,DE,Neglect,2020,376.0
307,DE,Neglect,2021,275.0
308,DE,Neglect,2022,321.0
309,DE,Physical Abuse,2015,282.0
310,DE,Physical Abuse,2016,301.0
311,DE,Physical Abuse,2017,291.0
312,DE,Physical Abuse,2018,258.0
313,DE,Physical Abuse,2019,215.0
314,DE,Physical Abuse,2020,199.0
315,DE,Physical Abuse,2021,210.0
316,DE,Physical Abuse,2022,233.0
317,DE,Sexual Abuse,2015,108.0
318,DE,Sexual Abuse,2016,141.0
319,DE,Sexual Abuse,2017,108.0
320,DE,Sexual Abuse,2018,127.0
321,DE,Sexual Abuse,2019,132.0
322,DE,Sexual Abuse,2020,149.0
323,DE,Sexual Abuse,2021,217.0
324,DE,Sexual Abuse,2022,195.0
325,FL,Emotional Abuse,2015,622.0
326,FL,Emotional Abuse,2016,496.0
327,FL,Emotional Abuse,2017,438.0
328,FL,Emotional Abuse,2018,452.0
329,FL,Emotional Abuse,2019,429.0
330,FL,Emotional Abuse,2020,284.0
331,FL,Emotional Abuse,2021,348.0
332,FL,Emotional Abuse,2022,312.0
333,FL,Medical Neglect,2015,1096.0
334,FL,Medical Neglect,2016,1054.0
335,FL,Medical Neglect,2017,1165.0
336,FL,Medical Neglect,2018,1112.0
337,FL,Medical Neglect,2019,1060.0
338,FL,Medical Neglect,2020,945.0
339,FL,Medical Neglect,2021,952.0
340,FL,Medical Neglect,2022,874.0
341,FL,Neglect,2015,23556.0
342,FL,Neglect,2016,23352.0
343,FL,Neglect,2017,22961.0
344,FL,Neglect,2018,21526.0
345,FL,Neglect,2019,19211.0
346,FL,Neglect,2020,16750.0
347,FL,Neglect,2021,16147.0
348,FL,Neglect,2022,14347.0
349,FL,Physical Abuse,2015,4181.0
350,FL,Physical Abuse,2016,3600.0
351,FL,Physical Abuse,2017,3222.0
352,FL,Physical Abuse,2018,3041.0
353,FL,Physical Abuse,2019,2763.0
354,FL,Physical Abuse,2020,2319.0
355,FL,Physical Abuse,2021,2195.0
356,FL,Physical Abuse,2022,2166.0
357,FL,Sexual Abuse,2015,2498.0
358,FL,Sexual Abuse,2016,2610.0
359,FL,Sexual Abuse,2017,2768.0
360,FL,Sexual Abuse,2018,2804.0
361,FL,Sexual Abuse,2019,2881.0
362,FL,Sexual Abuse,2020,2315.0
363,FL,Sexual Abuse,2021,2558.0
364,FL,Sexual Abuse,2022,2386.0
365,GA,Emotional Abuse,2015,5732.0
366,GA,Emotional Abuse,2016,4426.0
367,GA,Emotional Abuse,2017,1592.0
368,GA,Emotional Abuse,2018,2135.0
369,GA,Emotional Abuse,2019,1957.0
370,GA,Emotional Abuse,2020,2232.0
371,GA,Emotional Abuse,2021,2292.0
372,GA,Emotional Abuse,2022,2047.0
373,GA,Medical Neglect,2015,850.0
374,GA,Medical Neglect,2016,488.0
375,GA,Medical Neglect,2017,252.0
376,GA,Medical Neglect,2018,255.0
377,GA,Medical Neglect,2019,261.0
378,GA,Medical Neglect,2020,238.0
379,GA,Medical Neglect,2021,183.0
380,GA,Medical Neglect,2022,288.0
381,GA,Neglect,2015,19978.0
382,GA,Neglect,2016,16295.0
383,GA,Neglect,2017,8039.0
384,GA,Neglect,2018,7878.0
385,GA,Neglect,2019,6756.0
386,GA,Neglect,2020,5245.0
387,GA,Neglect,2021,6236.0
388,GA,Neglect,2022,7038.0
389,GA,Physical Abuse,2015,2889.0
390,GA,Physical Abuse,2016,2191.0
391,GA,Physical Abuse,2017,1032.0
392,GA,Physical Abuse,2018,1222.0
393,GA,Physical Abuse,2019,1175.0
394,GA,Physical Abuse,2020,1092.0
395,GA,Physical Abuse,2021,1091.0
396,GA,Physical Abuse,2022,1458.0
397,GA,Sexual Abuse,2015,926.0
398,GA,Sexual Abuse,2016,876.0
399,GA,Sexual Abuse,2017,622.0
400,GA,Sexual Abuse,2018,726.0
401,GA,Sexual Abuse,2019,846.0
402,GA,Sexual Abuse,2020,763.0
403,GA,Sexual Abuse,2021,720.0
404,GA,Sexual Abuse,2022,651.0
405,HI,Emotional Abuse,2015,12.0
406,HI,Emotional Abuse,2016,11.0
407,HI,Emotional Abuse,2017,18.0
408,HI,Emotional Abuse,2018,5.0
409,HI,Emotional Abuse,2019,14.0
410,HI,Emotional Abuse,2020,27.0
411,HI,Emotional Abuse,2021,4.0
412,HI,Emotional Abuse,2022,12.0
413,HI,Medical Neglect,2015,23.0
414,HI,Medical Neglect,2016,14.0
415,HI,Medical Neglect,2017,15.0
416,HI,Medical Neglect,2018,13.0
417,HI,Medical Neglect,2019,11.0
418,HI,Medical Neglect,2020,10.0
419,HI,Medical Neglect,2021,11.0
420,HI,Medical Neglect,2022,15.0
421,HI,Neglect,2015,230.0
422,HI,Neglect,2016,211.0
423,HI,Neglect,2017,164.0
424,HI,Neglect,2018,162.0
425,HI,Neglect,2019,216.0
426,HI,Neglect,2020,279.0
427,HI,Neglect,2021,248.0
428,HI,Neglect,2022,226.0
429,HI,Physical Abuse,2015,158.0
430,HI,Physical Abuse,2016,152.0
431,HI,Physical Abuse,2017,109.0
432,HI,Physical Abuse,2018,101.0
433,HI,Physical Abuse,2019,139.0
434,HI,Physical Abuse,2020,123.0
435,HI,Physical Abuse,2021,72.0
436,HI,Physical Abuse,2022,99.0
437,HI,Sexual Abuse,2015,66.0
438,HI,Sexual Abuse,2016,74.0
439,HI,Sexual Abuse,2017,60.0
440,HI,Sexual Abuse,2018,74.0
441,HI,Sexual Abuse,2019,77.0
442,HI,Sexual Abuse,2020,90.0
443,HI,Sexual Abuse,2021,73.0
444,HI,Sexual Abuse,2022,82.0
445,ID,Medical Neglect,2015,9.0
446,ID,Medical Neglect,2016,5.0
447,ID,Medical Neglect,2017,10.0
448,ID,Medical Neglect,2018,10.0
449,ID,Medical Neglect,2019,12.0
450,ID,Medical Neglect,2020,6.0
451,ID,Medical Neglect,2021,6.0
452,ID,Medical Neglect,2022,10.0
453,ID,Neglect,2015,1239.0
454,ID,Neglect,2016,1462.0
455,ID,Neglect,2017,1423.0
456,ID,Neglect,2018,1523.0
457,ID,Neglect,2019,1447.0
458,ID,Neglect,2020,1059.0
459,ID,Neglect,2021,1712.0
460,ID,Neglect,2022,1528.0
461,ID,Physical Abuse,2015,377.0
462,ID,Physical Abuse,2016,389.0
463,ID,Physical Abuse,2017,399.0
464,ID,Physical Abuse,2018,370.0
465,ID,Physical Abuse,2019,376.0
466,ID,Physical Abuse,2020,844.0
467,ID,Physical Abuse,2021,431.0
468,ID,Physical Abuse,2022,366.0
469,ID,Sexual Abuse,2015,63.0
470,ID,Sexual Abuse,2016,69.0
471,ID,Sexual Abuse,2017,79.0
472,ID,Sexual Abuse,2018,104.0
473,ID,Sexual Abuse,2019,128.0
474,ID,Sexual Abuse,2020,160.0
475,ID,Sexual Abuse,2021,230.0
476,ID,Sexual Abuse,2022,187.0
477,IL,Emotional Abuse,2015,32.0
478,IL,Emotional Abuse,2016,28.0
479,IL,Emotional Abuse,2017,50.0
480,IL,Emotional Abuse,2018,44.0
481,IL,Emotional Abuse,2019,52.0
482,IL,Emotional Abuse,2020,68.0
483,IL,Emotional Abuse,2021,81.0
484,IL,Emotional Abuse,2022,81.0
485,IL,Medical Neglect,2015,659.0
486,IL,Medical Neglect,2016,609.0
487,IL,Medical Neglect,2017,631.0
488,IL,Medical Neglect,2018,664.0
489,IL,Medical Neglect,2019,708.0
490,IL,Medical Neglect,2020,663.0
491,IL,Medical Neglect,2021,643.0
492,IL,Medical Neglect,2022,653.0
493,IL,Neglect,2015,43920.0
494,IL,Neglect,2016,45379.0
495,IL,Neglect,2017,46554.0
496,IL,Neglect,2018,45328.0
497,IL,Neglect,2019,44830.0
498,IL,Neglect,2020,46622.0
499,IL,Neglect,2021,46900.0
500,IL,Neglect,2022,41787.0
501,IL,Physical Abuse,2015,8683.0
502,IL,Physical Abuse,2016,8501.0
503,IL,Physical Abuse,2017,7467.0
504,IL,Physical Abuse,2018,7588.0
505,IL,Physical Abuse,2019,7566.0
506,IL,Physical Abuse,2020,7669.0
507,IL,Physical Abuse,2021,6990.0
508,IL,Physical Abuse,2022,6534.0
509,IL,Sexual Abuse,2015,7152.0
510,IL,Sexual Abuse,2016,6924.0
511,IL,Sexual Abuse,2017,6810.0
512,IL,Sexual Abuse,2018,7360.0
513,IL,Sexual Abuse,2019,7031.0
514,IL,Sexual Abuse,2020,7311.0
515,IL,Sexual Abuse,2021,6826.0
516,IL,Sexual Abuse,2022,6091.0
517,IO,Emotional Abuse,2015,52.0
518,IO,Emotional Abuse,2016,62.0
519,IO,Emotional Abuse,2017,72.0
520,IO,Emotional Abuse,2018,94.0
521,IO,Emotional Abuse,2019,74.0
522,IO,Emotional Abuse,2020,93.0
523,IO,Emotional Abuse,2021,107.0
524,IO,Emotional Abuse,2022,115.0
525,IO,Medical Neglect,2015,80.0
526,IO,Medical Neglect,2016,84.0
527,IO,Medical Neglect,2017,99.0
528,IO,Medical Neglect,2018,109.0
529,IO,Medical Neglect,2019,103.0
530,IO,Medical Neglect,2020,78.0
531,IO,Medical Neglect,2021,97.0
532,IO,Medical Neglect,2022,99.0
533,IO,Neglect,2015,5762.0
534,IO,Neglect,2016,7037.0
535,IO,Neglect,2017,8600.0
536,IO,Neglect,2018,8540.0
537,IO,Neglect,2019,8313.0
538,IO,Neglect,2020,9207.0
539,IO,Neglect,2021,9801.0
540,IO,Neglect,2022,9699.0
541,IO,Physical Abuse,2015,1328.0
542,IO,Physical Abuse,2016,1184.0
543,IO,Physical Abuse,2017,1274.0
544,IO,Physical Abuse,2018,1289.0
545,IO,Physical Abuse,2019,1183.0
546,IO,Physical Abuse,2020,1096.0
547,IO,Physical Abuse,2021,1200.0
548,IO,Physical Abuse,2022,1169.0
549,IO,Sexual Abuse,2015,534.0
550,IO,Sexual Abuse,2016,570.0
551,IO,Sexual Abuse,2017,785.0
552,IO,Sexual Abuse,2018,723.0
553,IO,Sexual Abuse,2019,705.0
554,IO,Sexual Abuse,2020,669.0
555,IO,Sexual Abuse,2021,673.0
556,IO,Sexual Abuse,2022,648.0
557,KS,Emotional Abuse,2015,276.0
558,KS,Emotional Abuse,2016,345.0
559,KS,Emotional Abuse,2017,741.0
560,KS,Emotional Abuse,2018,572.0
561,KS,Emotional Abuse,2019,466.0
562,KS,Emotional Abuse,2020,380.0
563,KS,Emotional Abuse,2021,307.0
564,KS,Emotional Abuse,2022,287.0
565,KS,Medical Neglect,2015,52.0
566,KS,Medical Neglect,2016,59.0
567,KS,Medical Neglect,2017,106.0
568,KS,Medical Neglect,2018,113.0
569,KS,Medical Neglect,2019,84.0
570,KS,Medical Neglect,2020,65.0
571,KS,Medical Neglect,2021,43.0
572,KS,Medical Neglect,2022,42.0
573,KS,Neglect,2015,379.0
574,KS,Neglect,2016,397.0
575,KS,Neglect,2017,783.0
576,KS,Neglect,2018,1459.0
577,KS,Neglect,2019,1337.0
578,KS,Neglect,2020,1030.0
579,KS,Neglect,2021,942.0
580,KS,Neglect,2022,876.0
581,KS,Physical Abuse,2015,453.0
582,KS,Physical Abuse,2016,524.0
583,KS,Physical Abuse,2017,1002.0
584,KS,Physical Abuse,2018,750.0
585,KS,Physical Abuse,2019,715.0
586,KS,Physical Abuse,2020,596.0
587,KS,Physical Abuse,2021,526.0
588,KS,Physical Abuse,2022,403.0
589,KS,Sexual Abuse,2015,601.0
590,KS,Sexual Abuse,2016,645.0
591,KS,Sexual Abuse,2017,761.0
592,KS,Sexual Abuse,2018,589.0
593,KS,Sexual Abuse,2019,582.0
594,KS,Sexual Abuse,2020,488.0
595,KS,Sexual Abuse,2021,484.0
596,KS,Sexual Abuse,2022,401.0
597,KY,Emotional Abuse,2015,67.0
598,KY,Emotional Abuse,2016,42.0
599,KY,Emotional Abuse,2017,44.0
600,KY,Emotional Abuse,2018,56.0
601,KY,Emotional Abuse,2019,36.0
602,KY,Emotional Abuse,2020,37.0
603,KY,Emotional Abuse,2021,59.0
604,KY,Emotional Abuse,2022,89.0
605,KY,Medical Neglect,2015,458.0
606,KY,Medical Neglect,2016,464.0
607,KY,Medical Neglect,2017,485.0
608,KY,Medical Neglect,2018,496.0
609,KY,Medical Neglect,2019,371.0
610,KY,Medical Neglect,2020,303.0
611,KY,Medical Neglect,2021,255.0
612,KY,Medical Neglect,2022,266.0
613,KY,Neglect,2015,17363.0
614,KY,Neglect,2016,18638.0
615,KY,Neglect,2017,21246.0
616,KY,Neglect,2018,22585.0
617,KY,Neglect,2019,19165.0
618,KY,Neglect,2020,15595.0
619,KY,Neglect,2021,13755.0
620,KY,Neglect,2022,10973.0
621,KY,Physical Abuse,2015,1564.0
622,KY,Physical Abuse,2016,1561.0
623,KY,Physical Abuse,2017,1529.0
624,KY,Physical Abuse,2018,1448.0
625,KY,Physical Abuse,2019,1341.0
626,KY,Physical Abuse,2020,1224.0
627,KY,Physical Abuse,2021,1080.0
628,KY,Physical Abuse,2022,1138.0
629,KY,Sexual Abuse,2015,901.0
630,KY,Sexual Abuse,2016,779.0
631,KY,Sexual Abuse,2017,849.0
632,KY,Sexual Abuse,2018,931.0
633,KY,Sexual Abuse,2019,784.0
634,KY,Sexual Abuse,2020,709.0
635,KY,Sexual Abuse,2021,830.0
636,KY,Sexual Abuse,2022,754.0
637,LA,Emotional Abuse,2015,60.0
638,LA,Emotional Abuse,2016,48.0
639,LA,Emotional Abuse,2017,37.0
640,LA,Emotional Abuse,2018,21.0
641,LA,Emotional Abuse,2019,17.0
642,LA,Emotional Abuse,2020,20.0
643,LA,Emotional Abuse,2021,6.0
644,LA,Emotional Abuse,2022,19.0
645,LA,Neglect,2015,10746.0
646,LA,Neglect,2016,9648.0
647,LA,Neglect,2017,8874.0
648,LA,Neglect,2018,8104.0
649,LA,Neglect,2019,7359.0
650,LA,Neglect,2020,6009.0
651,LA,Neglect,2021,5712.0
652,LA,Neglect,2022,6726.0
653,LA,Physical Abuse,2015,1946.0
654,LA,Physical Abuse,2016,1679.0
655,LA,Physical Abuse,2017,1561.0
656,LA,Physical Abuse,2018,1355.0
657,LA,Physical Abuse,2019,1041.0
658,LA,Physical Abuse,2020,772.0
659,LA,Physical Abuse,2021,623.0
660,LA,Physical Abuse,2022,755.0
661,LA,Sexual Abuse,2015,675.0
662,LA,Sexual Abuse,2016,601.0
663,LA,Sexual Abuse,2017,543.0
664,LA,Sexual Abuse,2018,472.0
665,LA,Sexual Abuse,2019,436.0
666,LA,Sexual Abuse,2020,410.0
667,LA,Sexual Abuse,2021,331.0
668,LA,Sexual Abuse,2022,406.0
669,MA,Emotional Abuse,2015,35.0
670,MA,Emotional Abuse,2016,30.0
671,MA,Neglect,2015,29276.0
672,MA,Neglect,2016,30382.0
673,MA,Neglect,2017,23520.0
674,MA,Neglect,2018,24206.0
675,MA,Neglect,2019,23480.0
676,MA,Neglect,2020,21161.0
677,MA,Neglect,2021,21361.0
678,MA,Neglect,2022,20588.0
679,MA,Physical Abuse,2015,2991.0
680,MA,Physical Abuse,2016,2854.0
681,MA,Physical Abuse,2017,2211.0
682,MA,Physical Abuse,2018,2191.0
683,MA,Physical Abuse,2019,1990.0
684,MA,Physical Abuse,2020,1765.0
685,MA,Physical Abuse,2021,1614.0
686,MA,Physical Abuse,2022,1796.0
687,MA,Sexual Abuse,2015,705.0
688,MA,Sexual Abuse,2016,763.0
689,MA,Sexual Abuse,2017,860.0
690,MA,Sexual Abuse,2018,825.0
691,MA,Sexual Abuse,2019,796.0
692,MA,Sexual Abuse,2020,732.0
693,MA,Sexual Abuse,2021,793.0
694,MA,Sexual Abuse,2022,792.0
695,MD,Emotional Abuse,2015,19.0
696,MD,Emotional Abuse,2016,14.0
697,MD,Emotional Abuse,2017,10.0
698,MD,Emotional Abuse,2018,20.0
699,MD,Emotional Abuse,2019,12.0
700,MD,Emotional Abuse,2020,16.0
701,MD,Emotional Abuse,2021,4.0
702,MD,Emotional Abuse,2022,12.0
703,MD,Neglect,2015,4020.0
704,MD,Neglect,2016,4155.0
705,MD,Neglect,2017,4568.0
706,MD,Neglect,2018,4779.0
707,MD,Neglect,2019,4648.0
708,MD,Neglect,2020,4220.0
709,MD,Neglect,2021,3491.0
710,MD,Neglect,2022,3691.0
711,MD,Physical Abuse,2015,1529.0
712,MD,Physical Abuse,2016,1587.0
713,MD,Physical Abuse,2017,1680.0
714,MD,Physical Abuse,2018,1507.0
715,MD,Physical Abuse,2019,1554.0
716,MD,Physical Abuse,2020,1407.0
717,MD,Physical Abuse,2021,1159.0
718,MD,Physical Abuse,2022,1306.0
719,MD,Sexual Abuse,2015,1617.0
720,MD,Sexual Abuse,2016,1693.0
721,MD,Sexual Abuse,2017,1770.0
722,MD,Sexual Abuse,2018,1888.0
723,MD,Sexual Abuse,2019,1912.0
724,MD,Sexual Abuse,2020,2056.0
725,MD,Sexual Abuse,2021,2046.0
726,MD,Sexual Abuse,2022,1971.0
727,ME,Emotional Abuse,2015,1079.0
728,ME,Emotional Abuse,2016,1152.0
729,ME,Emotional Abuse,2017,1195.0
730,ME,Emotional Abuse,2018,1194.0
731,ME,Emotional Abuse,2019,1475.0
732,ME,Emotional Abuse,2020,1811.0
733,ME,Emotional Abuse,2021,1619.0
734,ME,Emotional Abuse,2022,1252.0
735,ME,Neglect,2015,2240.0
736,ME,Neglect,2016,2176.0
737,ME,Neglect,2017,2190.0
738,ME,Neglect,2018,2093.0
739,ME,Neglect,2019,2740.0
740,ME,Neglect,2020,2912.0
741,ME,Neglect,2021,2533.0
742,ME,Neglect,2022,2446.0
743,ME,Physical Abuse,2015,970.0
744,ME,Physical Abuse,2016,1063.0
745,ME,Physical Abuse,2017,1020.0
746,ME,Physical Abuse,2018,1051.0
747,ME,Physical Abuse,2019,1305.0
748,ME,Physical Abuse,2020,1331.0
749,ME,Physical Abuse,2021,1024.0
750,ME,Physical Abuse,2022,927.0
751,ME,Sexual Abuse,2015,233.0
752,ME,Sexual Abuse,2016,276.0
753,ME,Sexual Abuse,2017,284.0
754,ME,Sexual Abuse,2018,301.0
755,ME,Sexual Abuse,2019,357.0
756,ME,Sexual Abuse,2020,381.0
757,ME,Sexual Abuse,2021,303.0
758,ME,Sexual Abuse,2022,238.0
759,MI,Emotional Abuse,2015,180.0
760,MI,Emotional Abuse,2016,226.0
761,MI,Emotional Abuse,2017,267.0
762,MI,Emotional Abuse,2018,351.0
763,MI,Emotional Abuse,2019,342.0
764,MI,Emotional Abuse,2020,340.0
765,MI,Emotional Abuse,2021,304.0
766,MI,Emotional Abuse,2022,281.0
767,MI,Medical Neglect,2015,675.0
768,MI,Medical Neglect,2016,844.0
769,MI,Medical Neglect,2017,736.0
770,MI,Medical Neglect,2018,746.0
771,MI,Medical Neglect,2019,741.0
772,MI,Medical Neglect,2020,583.0
773,MI,Medical Neglect,2021,511.0
774,MI,Medical Neglect,2022,563.0
775,MI,Neglect,2015,31538.0
776,MI,Neglect,2016,34878.0
777,MI,Neglect,2017,35785.0
778,MI,Neglect,2018,35436.0
779,MI,Neglect,2019,33443.0
780,MI,Neglect,2020,27960.0
781,MI,Neglect,2021,24868.0
782,MI,Neglect,2022,23467.0
783,MI,Physical Abuse,2015,9366.0
784,MI,Physical Abuse,2016,11227.0
785,MI,Physical Abuse,2017,12058.0
786,MI,Physical Abuse,2018,10464.0
787,MI,Physical Abuse,2019,6051.0
788,MI,Physical Abuse,2020,4920.0
789,MI,Physical Abuse,2021,4253.0
790,MI,Physical Abuse,2022,4458.0
791,MI,Sexual Abuse,2015,2013.0
792,MI,Sexual Abuse,2016,2418.0
793,MI,Sexual Abuse,2017,2932.0
794,MI,Sexual Abuse,2018,2997.0
795,MI,Sexual Abuse,2019,2882.0
796,MI,Sexual Abuse,2020,2831.0
797,MI,Sexual Abuse,2021,2810.0
798,MI,Sexual Abuse,2022,2686.0
799,MO,Emotional Abuse,2015,487.0
800,MO,Emotional Abuse,2016,578.0
801,MO,Emotional Abuse,2017,477.0
802,MO,Emotional Abuse,2018,601.0
803,MO,Emotional Abuse,2019,583.0
804,MO,Emotional Abuse,2020,645.0
805,MO,Emotional Abuse,2021,581.0
806,MO,Emotional Abuse,2022,500.0
807,MO,Medical Neglect,2015,231.0
808,MO,Medical Neglect,2016,199.0
809,MO,Medical Neglect,2017,157.0
810,MO,Medical Neglect,2018,170.0
811,MO,Medical Neglect,2019,138.0
812,MO,Medical Neglect,2020,105.0
813,MO,Medical Neglect,2021,106.0
814,MO,Medical Neglect,2022,113.0
815,MO,Neglect,2015,3599.0
816,MO,Neglect,2016,3403.0
817,MO,Neglect,2017,2669.0
818,MO,Neglect,2018,3099.0
819,MO,Neglect,2019,2497.0
820,MO,Neglect,2020,2219.0
821,MO,Neglect,2021,2220.0
822,MO,Neglect,2022,2047.0
823,MO,Physical Abuse,2015,1642.0
824,MO,Physical Abuse,2016,1645.0
825,MO,Physical Abuse,2017,1342.0
826,MO,Physical Abuse,2018,1630.0
827,MO,Physical Abuse,2019,1396.0
828,MO,Physical Abuse,2020,1369.0
829,MO,Physical Abuse,2021,1268.0
830,MO,Physical Abuse,2022,1216.0
831,MO,Sexual Abuse,2015,1334.0
832,MO,Sexual Abuse,2016,1326.0
833,MO,Sexual Abuse,2017,1245.0
834,MO,Sexual Abuse,2018,1786.0
835,MO,Sexual Abuse,2019,1566.0
836,MO,Sexual Abuse,2020,1456.0
837,MO,Sexual Abuse,2021,1340.0
838,MO,Sexual Abuse,2022,1246.0
839,MS,Emotional Abuse,2015,1117.0
840,MS,Emotional Abuse,2016,1338.0
841,MS,Emotional Abuse,2017,1549.0
842,MS,Emotional Abuse,2018,1637.0
843,MS,Emotional Abuse,2019,1552.0
844,MS,Emotional Abuse,2020,1504.0
845,MS,Emotional Abuse,2021,1402.0
846,MS,Emotional Abuse,2022,1635.0
847,MS,Medical Neglect,2015,353.0
848,MS,Medical Neglect,2016,378.0
849,MS,Medical Neglect,2017,390.0
850,MS,Medical Neglect,2018,445.0
851,MS,Medical Neglect,2019,469.0
852,MS,Medical Neglect,2020,373.0
853,MS,Medical Neglect,2021,371.0
854,MS,Medical Neglect,2022,455.0
855,MS,Neglect,2015,6578.0
856,MS,Neglect,2016,7773.0
857,MS,Neglect,2017,7833.0
858,MS,Neglect,2018,7354.0
859,MS,Neglect,2019,6694.0
860,MS,Neglect,2020,5696.0
861,MS,Neglect,2021,5992.0
862,MS,Neglect,2022,6210.0
863,MS,Physical Abuse,2015,1360.0
864,MS,Physical Abuse,2016,1514.0
865,MS,Physical Abuse,2017,1544.0
866,MS,Physical Abuse,2018,1531.0
867,MS,Physical Abuse,2019,1479.0
868,MS,Physical Abuse,2020,1271.0
869,MS,Physical Abuse,2021,1233.0
870,MS,Physical Abuse,2022,1420.0
871,MS,Sexual Abuse,2015,865.0
872,MS,Sexual Abuse,2016,999.0
873,MS,Sexual Abuse,2017,1161.0
874,MS,Sexual Abuse,2018,1204.0
875,MS,Sexual Abuse,2019,1268.0
876,MS,Sexual Abuse,2020,1086.0
877,MS,Sexual Abuse,2021,1220.0
878,MS,Sexual Abuse,2022,1293.0
879,MT,Emotional Abuse,2015,48.0
880,MT,Emotional Abuse,2016,59.0
881,MT,Emotional Abuse,2017,31.0
882,MT,Emotional Abuse,2018,20.0
883,MT,Emotional Abuse,2019,22.0
884,MT,Emotional Abuse,2020,24.0
885,MT,Emotional Abuse,2021,34.0
886,MT,Emotional Abuse,2022,12.0
887,MT,Medical Neglect,2015,9.0
888,MT,Medical Neglect,2016,4.0
889,MT,Medical Neglect,2017,6.0
890,MT,Medical Neglect,2018,2.0
891,MT,Medical Neglect,2019,13.0
892,MT,Medical Neglect,2020,13.0
893,MT,Medical Neglect,2021,12.0
894,MT,Medical Neglect,2022,14.0
895,MT,Neglect,2015,1740.0
896,MT,Neglect,2016,2986.0
897,MT,Neglect,2017,3420.0
898,MT,Neglect,2018,3645.0
899,MT,Neglect,2019,3616.0
900,MT,Neglect,2020,3626.0
901,MT,Neglect,2021,2944.0
902,MT,Neglect,2022,2606.0
903,MT,Physical Abuse,2015,105.0
904,MT,Physical Abuse,2016,128.0
905,MT,Physical Abuse,2017,138.0
906,MT,Physical Abuse,2018,130.0
907,MT,Physical Abuse,2019,168.0
908,MT,Physical Abuse,2020,183.0
909,MT,Physical Abuse,2021,152.0
910,MT,Physical Abuse,2022,166.0
911,MT,Sexual Abuse,2015,71.0
912,MT,Sexual Abuse,2016,95.0
913,MT,Sexual Abuse,2017,97.0
914,MT,Sexual Abuse,2018,119.0
915,MT,Sexual Abuse,2019,91.0
916,MT,Sexual Abuse,2020,106.0
917,MT,Sexual Abuse,2021,88.0
918,MT,Sexual Abuse,2022,107.0
919,NC,Emotional Abuse,2015,90.0
920,NC,Emotional Abuse,2016,73.0
921,NC,Emotional Abuse,2017,118.0
922,NC,Emotional Abuse,2018,101.0
923,NC,Emotional Abuse,2019,109.0
924,NC,Emotional Abuse,2020,158.0
925,NC,Emotional Abuse,2021,733.0
926,NC,Emotional Abuse,2022,3726.0
927,NC,Medical Neglect,2015,35.0
928,NC,Medical Neglect,2016,31.0
929,NC,Medical Neglect,2017,57.0
930,NC,Medical Neglect,2018,54.0
931,NC,Medical Neglect,2019,58.0
932,NC,Medical Neglect,2020,968.0
933,NC,Medical Neglect,2021,815.0
934,NC,Medical Neglect,2022,711.0
935,NC,Neglect,2015,4285.0
936,NC,Neglect,2016,3769.0
937,NC,Neglect,2017,3840.0
938,NC,Neglect,2018,3248.0
939,NC,Neglect,2019,2512.0
940,NC,Neglect,2020,19781.0
941,NC,Neglect,2021,18333.0
942,NC,Neglect,2022,15271.0
943,NC,Physical Abuse,2015,1777.0
944,NC,Physical Abuse,2016,1787.0
945,NC,Physical Abuse,2017,1808.0
946,NC,Physical Abuse,2018,1751.0
947,NC,Physical Abuse,2019,1610.0
948,NC,Physical Abuse,2020,1101.0
949,NC,Physical Abuse,2021,1038.0
950,NC,Physical Abuse,2022,2428.0
951,NC,Sexual Abuse,2015,1594.0
952,NC,Sexual Abuse,2016,1376.0
953,NC,Sexual Abuse,2017,1433.0
954,NC,Sexual Abuse,2018,1267.0
955,NC,Sexual Abuse,2019,1213.0
956,NC,Sexual Abuse,2020,994.0
957,NC,Sexual Abuse,2021,1081.0
958,NC,Sexual Abuse,2022,1961.0
959,ND,Emotional Abuse,2015,554.0
960,ND,Emotional Abuse,2016,579.0
961,ND,Emotional Abuse,2017,783.0
962,ND,Emotional Abuse,2018,810.0
963,ND,Emotional Abuse,2019,497.0
964,ND,Emotional Abuse,2020,460.0
965,ND,Emotional Abuse,2021,288.0
966,ND,Emotional Abuse,2022,78.0
967,ND,Medical Neglect,2015,38.0
968,ND,Medical Neglect,2016,42.0
969,ND,Medical Neglect,2017,40.0
970,ND,Medical Neglect,2018,56.0
971,ND,Medical Neglect,2019,50.0
972,ND,Medical Neglect,2020,34.0
973,ND,Medical Neglect,2021,22.0
974,ND,Medical Neglect,2022,10.0
975,ND,Neglect,2015,1291.0
976,ND,Neglect,2016,1349.0
977,ND,Neglect,2017,1483.0
978,ND,Neglect,2018,1561.0
979,ND,Neglect,2019,1372.0
980,ND,Neglect,2020,1218.0
981,ND,Neglect,2021,1040.0
982,ND,Neglect,2022,975.0
983,ND,Physical Abuse,2015,212.0
984,ND,Physical Abuse,2016,174.0
985,ND,Physical Abuse,2017,156.0
986,ND,Physical Abuse,2018,193.0
987,ND,Physical Abuse,2019,127.0
988,ND,Physical Abuse,2020,134.0
989,ND,Physical Abuse,2021,105.0
990,ND,Physical Abuse,2022,96.0
991,ND,Sexual Abuse,2015,65.0
992,ND,Sexual Abuse,2016,52.0
993,ND,Sexual Abuse,2017,45.0
994,ND,Sexual Abuse,2018,63.0
995,ND,Sexual Abuse,2019,67.0
996,ND,Sexual Abuse,2020,50.0
997,ND,Sexual Abuse,2021,62.0
998,ND,Sexual Abuse,2022,26.0
999,NE,Emotional Abuse,2015,38.0
1000,NE,Emotional Abuse,2016,28.0
1001,NE,Emotional Abuse,2017,26.0
1002,NE,Emotional Abuse,2018,16.0
1003,NE,Emotional Abuse,2019,12.0
1004,NE,Emotional Abuse,2020,10.0
1005,NE,Emotional Abuse,2021,24.0
1006,NE,Emotional Abuse,2022,15.0
1007,NE,Medical Neglect,2017,1.0
1008,NE,Medical Neglect,2018,1.0
1009,NE,Medical Neglect,2019,2.0
1010,NE,Medical Neglect,2020,1.0
1011,NE,Medical Neglect,2021,1.0
1012,NE,Medical Neglect,2022,1.0
1013,NE,Neglect,2015,2962.0
1014,NE,Neglect,2016,2385.0
1015,NE,Neglect,2017,2755.0
1016,NE,Neglect,2018,2121.0
1017,NE,Neglect,2019,2337.0
1018,NE,Neglect,2020,1908.0
1019,NE,Neglect,2021,2013.0
1020,NE,Neglect,2022,1690.0
1021,NE,Physical Abuse,2015,423.0
1022,NE,Physical Abuse,2016,327.0
1023,NE,Physical Abuse,2017,376.0
1024,NE,Physical Abuse,2018,338.0
1025,NE,Physical Abuse,2019,357.0
1026,NE,Physical Abuse,2020,316.0
1027,NE,Physical Abuse,2021,354.0
1028,NE,Physical Abuse,2022,246.0
1029,NE,Sexual Abuse,2015,237.0
1030,NE,Sexual Abuse,2016,176.0
1031,NE,Sexual Abuse,2017,235.0
1032,NE,Sexual Abuse,2018,295.0
1033,NE,Sexual Abuse,2019,252.0
1034,NE,Sexual Abuse,2020,243.0
1035,NE,Sexual Abuse,2021,217.0
1036,NE,Sexual Abuse,2022,162.0
1037,NH,Emotional Abuse,2015,5.0
1038,NH,Emotional Abuse,2016,14.0
1039,NH,Emotional Abuse,2017,8.0
1040,NH,Emotional Abuse,2018,26.0
1041,NH,Emotional Abuse,2019,20.0
1042,NH,Emotional Abuse,2020,45.0
1043,NH,Emotional Abuse,2021,40.0
1044,NH,Emotional Abuse,2022,64.0
1045,NH,Medical Neglect,2015,29.0
1046,NH,Medical Neglect,2016,24.0
1047,NH,Medical Neglect,2017,26.0
1048,NH,Medical Neglect,2018,29.0
1049,NH,Medical Neglect,2019,50.0
1050,NH,Medical Neglect,2020,28.0
1051,NH,Medical Neglect,2021,32.0
1052,NH,Medical Neglect,2022,39.0
1053,NH,Neglect,2015,644.0
1054,NH,Neglect,2016,777.0
1055,NH,Neglect,2017,1011.0
1056,NH,Neglect,2018,1167.0
1057,NH,Neglect,2019,1050.0
1058,NH,Neglect,2020,1010.0
1059,NH,Neglect,2021,834.0
1060,NH,Neglect,2022,909.0
1061,NH,Physical Abuse,2015,48.0
1062,NH,Physical Abuse,2016,76.0
1063,NH,Physical Abuse,2017,97.0
1064,NH,Physical Abuse,2018,111.0
1065,NH,Physical Abuse,2019,106.0
1066,NH,Physical Abuse,2020,82.0
1067,NH,Physical Abuse,2021,101.0
1068,NH,Physical Abuse,2022,102.0
1069,NH,Sexual Abuse,2015,80.0
1070,NH,Sexual Abuse,2016,79.0
1071,NH,Sexual Abuse,2017,78.0
1072,NH,Sexual Abuse,2018,98.0
1073,NH,Sexual Abuse,2019,100.0
1074,NH,Sexual Abuse,2020,119.0
1075,NH,Sexual Abuse,2021,80.0
1076,NH,Sexual Abuse,2022,68.0
1077,NJ,Emotional Abuse,2015,45.0
1078,NJ,Emotional Abuse,2016,46.0
1079,NJ,Emotional Abuse,2017,52.0
1080,NJ,Emotional Abuse,2018,45.0
1081,NJ,Emotional Abuse,2019,71.0
1082,NJ,Emotional Abuse,2020,46.0
1083,NJ,Emotional Abuse,2021,27.0
1084,NJ,Emotional Abuse,2022,18.0
1085,NJ,Medical Neglect,2015,184.0
1086,NJ,Medical Neglect,2016,153.0
1087,NJ,Medical Neglect,2018,154.0
1088,NJ,Medical Neglect,2019,118.0
1089,NJ,Medical Neglect,2020,77.0
1090,NJ,Medical Neglect,2021,63.0
1091,NJ,Medical Neglect,2022,60.0
1092,NJ,Neglect,2015,7664.0
1093,NJ,Neglect,2016,6558.0
1094,NJ,Neglect,2017,5334.0
1095,NJ,Neglect,2018,4518.0
1096,NJ,Neglect,2019,3797.0
1097,NJ,Neglect,2020,2581.0
1098,NJ,Neglect,2021,2287.0
1099,NJ,Neglect,2022,2101.0
1100,NJ,Physical Abuse,2015,1462.0
1101,NJ,Physical Abuse,2016,1106.0
1102,NJ,Physical Abuse,2017,911.0
1103,NJ,Physical Abuse,2018,779.0
1104,NJ,Physical Abuse,2019,657.0
1105,NJ,Physical Abuse,2020,516.0
1106,NJ,Physical Abuse,2021,366.0
1107,NJ,Physical Abuse,2022,435.0
1108,NJ,Sexual Abuse,2015,840.0
1109,NJ,Sexual Abuse,2016,820.0
1110,NJ,Sexual Abuse,2017,708.0
1111,NJ,Sexual Abuse,2018,799.0
1112,NJ,Sexual Abuse,2019,769.0
1113,NJ,Sexual Abuse,2020,633.0
1114,NJ,Sexual Abuse,2021,603.0
1115,NJ,Sexual Abuse,2022,645.0
1116,NM,Emotional Abuse,2015,2000.0
1117,NM,Emotional Abuse,2016,1752.0
1118,NM,Emotional Abuse,2017,2332.0
1119,NM,Emotional Abuse,2018,2249.0
1120,NM,Emotional Abuse,2019,2165.0
1121,NM,Emotional Abuse,2020,1950.0
1122,NM,Emotional Abuse,2021,1751.0
1123,NM,Emotional Abuse,2022,1388.0
1124,NM,Medical Neglect,2015,323.0
1125,NM,Medical Neglect,2016,277.0
1126,NM,Medical Neglect,2017,294.0
1127,NM,Medical Neglect,2018,266.0
1128,NM,Medical Neglect,2019,253.0
1129,NM,Medical Neglect,2020,217.0
1130,NM,Medical Neglect,2021,197.0
1131,NM,Medical Neglect,2022,201.0
1132,NM,Neglect,2015,7095.0
1133,NM,Neglect,2016,6084.0
1134,NM,Neglect,2017,6822.0
1135,NM,Neglect,2018,6353.0
1136,NM,Neglect,2019,6546.0
1137,NM,Neglect,2020,5692.0
1138,NM,Neglect,2021,4843.0
1139,NM,Neglect,2022,4738.0
1140,NM,Physical Abuse,2015,1158.0
1141,NM,Physical Abuse,2016,927.0
1142,NM,Physical Abuse,2017,1040.0
1143,NM,Physical Abuse,2018,979.0
1144,NM,Physical Abuse,2019,959.0
1145,NM,Physical Abuse,2020,940.0
1146,NM,Physical Abuse,2021,708.0
1147,NM,Physical Abuse,2022,733.0
1148,NM,Sexual Abuse,2015,231.0
1149,NM,Sexual Abuse,2016,194.0
1150,NM,Sexual Abuse,2017,220.0
1151,NM,Sexual Abuse,2018,292.0
1152,NM,Sexual Abuse,2019,217.0
1153,NM,Sexual Abuse,2020,257.0
1154,NM,Sexual Abuse,2021,218.0
1155,NM,Sexual Abuse,2022,206.0
1156,NV,Emotional Abuse,2015,41.0
1157,NV,Emotional Abuse,2016,24.0
1158,NV,Emotional Abuse,2017,10.0
1159,NV,Emotional Abuse,2018,17.0
1160,NV,Emotional Abuse,2019,4.0
1161,NV,Emotional Abuse,2020,18.0
1162,NV,Emotional Abuse,2021,11.0
1163,NV,Emotional Abuse,2022,6.0
1164,NV,Medical Neglect,2015,106.0
1165,NV,Medical Neglect,2016,88.0
1166,NV,Medical Neglect,2017,81.0
1167,NV,Medical Neglect,2018,80.0
1168,NV,Medical Neglect,2019,82.0
1169,NV,Medical Neglect,2020,76.0
1170,NV,Medical Neglect,2021,59.0
1171,NV,Medical Neglect,2022,83.0
1172,NV,Neglect,2015,3636.0
1173,NV,Neglect,2016,3910.0
1174,NV,Neglect,2017,4002.0
1175,NV,Neglect,2018,4302.0
1176,NV,Neglect,2019,4183.0
1177,NV,Neglect,2020,4136.0
1178,NV,Neglect,2021,4683.0
1179,NV,Neglect,2022,4972.0
1180,NV,Physical Abuse,2015,1650.0
1181,NV,Physical Abuse,2016,1273.0
1182,NV,Physical Abuse,2017,1050.0
1183,NV,Physical Abuse,2018,985.0
1184,NV,Physical Abuse,2019,951.0
1185,NV,Physical Abuse,2020,1027.0
1186,NV,Physical Abuse,2021,947.0
1187,NV,Physical Abuse,2022,934.0
1188,NV,Sexual Abuse,2015,277.0
1189,NV,Sexual Abuse,2016,269.0
1190,NV,Sexual Abuse,2017,250.0
1191,NV,Sexual Abuse,2018,335.0
1192,NV,Sexual Abuse,2019,290.0
1193,NV,Sexual Abuse,2020,365.0
1194,NV,Sexual Abuse,2021,396.0
1195,NV,Sexual Abuse,2022,458.0
1196,NY,Emotional Abuse,2015,464.0
1197,NY,Emotional Abuse,2016,470.0
1198,NY,Emotional Abuse,2017,561.0
1199,NY,Emotional Abuse,2018,521.0
1200,NY,Emotional Abuse,2019,509.0
1201,NY,Emotional Abuse,2020,576.0
1202,NY,Emotional Abuse,2021,474.0
1203,NY,Emotional Abuse,2022,432.0
1204,NY,Medical Neglect,2015,4090.0
1205,NY,Medical Neglect,2016,3808.0
1206,NY,Medical Neglect,2017,4592.0
1207,NY,Medical Neglect,2018,4374.0
1208,NY,Medical Neglect,2019,4273.0
1209,NY,Medical Neglect,2020,3287.0
1210,NY,Medical Neglect,2021,2889.0
1211,NY,Medical Neglect,2022,2660.0
1212,NY,Neglect,2015,63394.0
1213,NY,Neglect,2016,61951.0
1214,NY,Neglect,2017,67427.0
1215,NY,Neglect,2018,65384.0
1216,NY,Neglect,2019,64094.0
1217,NY,Neglect,2020,56435.0
1218,NY,Neglect,2021,55337.0
1219,NY,Neglect,2022,48632.0
1220,NY,Physical Abuse,2015,6483.0
1221,NY,Physical Abuse,2016,6223.0
1222,NY,Physical Abuse,2017,6868.0
1223,NY,Physical Abuse,2018,6458.0
1224,NY,Physical Abuse,2019,6106.0
1225,NY,Physical Abuse,2020,5273.0
1226,NY,Physical Abuse,2021,4184.0
1227,NY,Physical Abuse,2022,4697.0
1228,NY,Sexual Abuse,2015,1987.0
1229,NY,Sexual Abuse,2016,2084.0
1230,NY,Sexual Abuse,2017,2152.0
1231,NY,Sexual Abuse,2018,2362.0
1232,NY,Sexual Abuse,2019,2259.0
1233,NY,Sexual Abuse,2020,2168.0
1234,NY,Sexual Abuse,2021,2166.0
1235,NY,Sexual Abuse,2022,2160.0
1236,OH,Emotional Abuse,2015,823.0
1237,OH,Emotional Abuse,2016,791.0
1238,OH,Emotional Abuse,2017,912.0
1239,OH,Emotional Abuse,2018,1443.0
1240,OH,Emotional Abuse,2019,1615.0
1241,OH,Emotional Abuse,2020,1571.0
1242,OH,Emotional Abuse,2021,1624.0
1243,OH,Emotional Abuse,2022,1437.0
1244,OH,Medical Neglect,2015,386.0
1245,OH,Medical Neglect,2016,426.0
1246,OH,Medical Neglect,2017,488.0
1247,OH,Medical Neglect,2018,444.0
1248,OH,Medical Neglect,2019,484.0
1249,OH,Medical Neglect,2020,368.0
1250,OH,Medical Neglect,2021,412.0
1251,OH,Medical Neglect,2022,364.0
1252,OH,Neglect,2015,10073.0
1253,OH,Neglect,2016,10428.0
1254,OH,Neglect,2017,11143.0
1255,OH,Neglect,2018,11183.0
1256,OH,Neglect,2019,11568.0
1257,OH,Neglect,2020,10212.0
1258,OH,Neglect,2021,11117.0
1259,OH,Neglect,2022,9982.0
1260,OH,Physical Abuse,2015,10132.0
1261,OH,Physical Abuse,2016,10670.0
1262,OH,Physical Abuse,2017,11825.0
1263,OH,Physical Abuse,2018,11484.0
1264,OH,Physical Abuse,2019,11462.0
1265,OH,Physical Abuse,2020,11243.0
1266,OH,Physical Abuse,2021,11089.0
1267,OH,Physical Abuse,2022,10389.0
1268,OH,Sexual Abuse,2015,4660.0
1269,OH,Sexual Abuse,2016,4479.0
1270,OH,Sexual Abuse,2017,4318.0
1271,OH,Sexual Abuse,2018,4400.0
1272,OH,Sexual Abuse,2019,4479.0
1273,OH,Sexual Abuse,2020,4220.0
1274,OH,Sexual Abuse,2021,4338.0
1275,OH,Sexual Abuse,2022,4098.0
1276,OK,Emotional Abuse,2015,3867.0
1277,OK,Emotional Abuse,2016,3634.0
1278,OK,Emotional Abuse,2017,3836.0
1279,OK,Emotional Abuse,2018,4665.0
1280,OK,Emotional Abuse,2019,4975.0
1281,OK,Emotional Abuse,2020,4997.0
1282,OK,Emotional Abuse,2021,4411.0
1283,OK,Emotional Abuse,2022,4596.0
1284,OK,Medical Neglect,2015,182.0
1285,OK,Medical Neglect,2016,202.0
1286,OK,Medical Neglect,2017,176.0
1287,OK,Medical Neglect,2018,255.0
1288,OK,Medical Neglect,2019,265.0
1289,OK,Medical Neglect,2020,253.0
1290,OK,Medical Neglect,2021,310.0
1291,OK,Medical Neglect,2022,271.0
1292,OK,Neglect,2015,10989.0
1293,OK,Neglect,2016,11254.0
1294,OK,Neglect,2017,11303.0
1295,OK,Neglect,2018,11557.0
1296,OK,Neglect,2019,11257.0
1297,OK,Neglect,2020,10607.0
1298,OK,Neglect,2021,10012.0
1299,OK,Neglect,2022,9869.0
1300,OK,Physical Abuse,2015,2386.0
1301,OK,Physical Abuse,2016,2074.0
1302,OK,Physical Abuse,2017,2013.0
1303,OK,Physical Abuse,2018,1866.0
1304,OK,Physical Abuse,2019,1883.0
1305,OK,Physical Abuse,2020,1931.0
1306,OK,Physical Abuse,2021,1749.0
1307,OK,Physical Abuse,2022,1753.0
1308,OK,Sexual Abuse,2015,619.0
1309,OK,Sexual Abuse,2016,641.0
1310,OK,Sexual Abuse,2017,692.0
1311,OK,Sexual Abuse,2018,710.0
1312,OK,Sexual Abuse,2019,706.0
1313,OK,Sexual Abuse,2020,791.0
1314,OK,Sexual Abuse,2021,749.0
1315,OK,Sexual Abuse,2022,704.0
1316,OR,Emotional Abuse,2015,244.0
1317,OR,Emotional Abuse,2016,247.0
1318,OR,Emotional Abuse,2017,177.0
1319,OR,Emotional Abuse,2018,263.0
1320,OR,Emotional Abuse,2019,266.0
1321,OR,Emotional Abuse,2020,220.0
1322,OR,Emotional Abuse,2021,183.0
1323,OR,Emotional Abuse,2022,181.0
1324,OR,Medical Neglect,2015,147.0
1325,OR,Medical Neglect,2016,146.0
1326,OR,Medical Neglect,2017,170.0
1327,OR,Medical Neglect,2018,150.0
1328,OR,Medical Neglect,2019,183.0
1329,OR,Medical Neglect,2020,69.0
1330,OR,Neglect,2015,5719.0
1331,OR,Neglect,2016,6245.0
1332,OR,Neglect,2017,6270.0
1333,OR,Neglect,2018,6473.0
1334,OR,Neglect,2019,6719.0
1335,OR,Neglect,2020,5522.0
1336,OR,Neglect,2021,4551.0
1337,OR,Neglect,2022,4336.0
1338,OR,Physical Abuse,2015,1039.0
1339,OR,Physical Abuse,2016,1260.0
1340,OR,Physical Abuse,2017,1161.0
1341,OR,Physical Abuse,2018,1450.0
1342,OR,Physical Abuse,2019,1651.0
1343,OR,Physical Abuse,2020,1378.0
1344,OR,Physical Abuse,2021,1208.0
1345,OR,Physical Abuse,2022,1226.0
1346,OR,Sexual Abuse,2015,833.0
1347,OR,Sexual Abuse,2016,1045.0
1348,OR,Sexual Abuse,2017,869.0
1349,OR,Sexual Abuse,2018,944.0
1350,OR,Sexual Abuse,2019,1075.0
1351,OR,Sexual Abuse,2020,763.0
1352,OR,Sexual Abuse,2021,953.0
1353,OR,Sexual Abuse,2022,1192.0
1354,PA,Emotional Abuse,2015,50.0
1355,PA,Emotional Abuse,2016,71.0
1356,PA,Emotional Abuse,2017,57.0
1357,PA,Emotional Abuse,2018,60.0
1358,PA,Emotional Abuse,2019,58.0
1359,PA,Emotional Abuse,2020,44.0
1360,PA,Emotional Abuse,2021,55.0
1361,PA,Emotional Abuse,2022,45.0
1362,PA,Medical Neglect,2015,126.0
1363,PA,Medical Neglect,2016,196.0
1364,PA,Medical Neglect,2017,250.0
1365,PA,Medical Neglect,2018,213.0
1366,PA,Medical Neglect,2019,212.0
1367,PA,Medical Neglect,2020,165.0
1368,PA,Medical Neglect,2021,142.0
1369,PA,Medical Neglect,2022,163.0
1370,PA,Neglect,2015,131.0
1371,PA,Neglect,2016,241.0
1372,PA,Neglect,2017,357.0
1373,PA,Neglect,2018,391.0
1374,PA,Neglect,2019,468.0
1375,PA,Neglect,2020,413.0
1376,PA,Neglect,2021,475.0
1377,PA,Neglect,2022,526.0
1378,PA,Physical Abuse,2015,1456.0
1379,PA,Physical Abuse,2016,1796.0
1380,PA,Physical Abuse,2017,1929.0
1381,PA,Physical Abuse,2018,1993.0
1382,PA,Physical Abuse,2019,2093.0
1383,PA,Physical Abuse,2020,1981.0
1384,PA,Physical Abuse,2021,2042.0
1385,PA,Physical Abuse,2022,2266.0
1386,PA,Sexual Abuse,2015,1872.0
1387,PA,Sexual Abuse,2016,2041.0
1388,PA,Sexual Abuse,2017,2043.0
1389,PA,Sexual Abuse,2018,2057.0
1390,PA,Sexual Abuse,2019,2030.0
1391,PA,Sexual Abuse,2020,2001.0
1392,PA,Sexual Abuse,2021,2042.0
1393,PA,Sexual Abuse,2022,2082.0
1394,PR,Emotional Abuse,2015,3086.0
1395,PR,Emotional Abuse,2017,2847.0
1396,PR,Emotional Abuse,2018,2032.0
1397,PR,Emotional Abuse,2019,2261.0
1398,PR,Emotional Abuse,2020,1805.0
1399,PR,Emotional Abuse,2021,2436.0
1400,PR,Emotional Abuse,2022,2238.0
1401,PR,Medical Neglect,2015,451.0
1402,PR,Medical Neglect,2017,475.0
1403,PR,Medical Neglect,2018,388.0
1404,PR,Medical Neglect,2019,521.0
1405,PR,Medical Neglect,2020,454.0
1406,PR,Medical Neglect,2021,552.0
1407,PR,Medical Neglect,2022,571.0
1408,PR,Neglect,2015,3604.0
1409,PR,Neglect,2017,3273.0
1410,PR,Neglect,2018,2744.0
1411,PR,Neglect,2019,3130.0
1412,PR,Neglect,2020,2328.0
1413,PR,Neglect,2021,3161.0
1414,PR,Neglect,2022,2882.0
1415,PR,Physical Abuse,2015,1564.0
1416,PR,Physical Abuse,2017,1381.0
1417,PR,Physical Abuse,2018,1099.0
1418,PR,Physical Abuse,2019,1122.0
1419,PR,Physical Abuse,2020,844.0
1420,PR,Physical Abuse,2021,844.0
1421,PR,Physical Abuse,2022,857.0
1422,PR,Sexual Abuse,2015,130.0
1423,PR,Sexual Abuse,2017,136.0
1424,PR,Sexual Abuse,2018,102.0
1425,PR,Sexual Abuse,2019,115.0
1426,PR,Sexual Abuse,2020,92.0
1427,PR,Sexual Abuse,2021,174.0
1428,PR,Sexual Abuse,2022,218.0
1429,RI,Emotional Abuse,2015,1259.0
1430,RI,Emotional Abuse,2016,1120.0
1431,RI,Emotional Abuse,2017,1091.0
1432,RI,Emotional Abuse,2018,1301.0
1433,RI,Emotional Abuse,2019,1118.0
1434,RI,Emotional Abuse,2020,1030.0
1435,RI,Emotional Abuse,2021,938.0
1436,RI,Emotional Abuse,2022,901.0
1437,RI,Medical Neglect,2015,41.0
1438,RI,Medical Neglect,2016,50.0
1439,RI,Medical Neglect,2017,48.0
1440,RI,Medical Neglect,2018,39.0
1441,RI,Medical Neglect,2019,55.0
1442,RI,Medical Neglect,2020,37.0
1443,RI,Medical Neglect,2021,38.0
1444,RI,Medical Neglect,2022,27.0
1445,RI,Neglect,2015,1797.0
1446,RI,Neglect,2016,1600.0
1447,RI,Neglect,2017,1781.0
1448,RI,Neglect,2018,2108.0
1449,RI,Neglect,2019,1867.0
1450,RI,Neglect,2020,1552.0
1451,RI,Neglect,2021,1554.0
1452,RI,Neglect,2022,1419.0
1453,RI,Physical Abuse,2015,411.0
1454,RI,Physical Abuse,2016,420.0
1455,RI,Physical Abuse,2017,451.0
1456,RI,Physical Abuse,2018,521.0
1457,RI,Physical Abuse,2019,426.0
1458,RI,Physical Abuse,2020,360.0
1459,RI,Physical Abuse,2021,309.0
1460,RI,Physical Abuse,2022,334.0
1461,RI,Sexual Abuse,2015,127.0
1462,RI,Sexual Abuse,2016,129.0
1463,RI,Sexual Abuse,2017,101.0
1464,RI,Sexual Abuse,2018,171.0
1465,RI,Sexual Abuse,2019,139.0
1466,RI,Sexual Abuse,2020,131.0
1467,RI,Sexual Abuse,2021,130.0
1468,RI,Sexual Abuse,2022,109.0
1469,SC,Emotional Abuse,2015,101.0
1470,SC,Emotional Abuse,2016,144.0
1471,SC,Emotional Abuse,2017,130.0
1472,SC,Emotional Abuse,2018,147.0
1473,SC,Emotional Abuse,2019,109.0
1474,SC,Emotional Abuse,2020,1040.0
1475,SC,Emotional Abuse,2021,847.0
1476,SC,Emotional Abuse,2022,775.0
1477,SC,Medical Neglect,2015,380.0
1478,SC,Medical Neglect,2016,362.0
1479,SC,Medical Neglect,2017,359.0
1480,SC,Medical Neglect,2018,383.0
1481,SC,Medical Neglect,2019,369.0
1482,SC,Medical Neglect,2020,315.0
1483,SC,Medical Neglect,2021,355.0
1484,SC,Medical Neglect,2022,250.0
1485,SC,Neglect,2015,9183.0
1486,SC,Neglect,2016,10198.0
1487,SC,Neglect,2017,9511.0
1488,SC,Neglect,2018,11249.0
1489,SC,Neglect,2019,10197.0
1490,SC,Neglect,2020,8159.0
1491,SC,Neglect,2021,9132.0
1492,SC,Neglect,2022,8255.0
1493,SC,Physical Abuse,2015,6700.0
1494,SC,Physical Abuse,2016,8802.0
1495,SC,Physical Abuse,2017,8776.0
1496,SC,Physical Abuse,2018,9772.0
1497,SC,Physical Abuse,2019,9994.0
1498,SC,Physical Abuse,2020,6319.0
1499,SC,Physical Abuse,2021,6653.0
1500,SC,Physical Abuse,2022,6873.0
1501,SC,Sexual Abuse,2015,767.0
1502,SC,Sexual Abuse,2016,761.0
1503,SC,Sexual Abuse,2017,835.0
1504,SC,Sexual Abuse,2018,940.0
1505,SC,Sexual Abuse,2019,943.0
1506,SC,Sexual Abuse,2020,741.0
1507,SC,Sexual Abuse,2021,792.0
1508,SC,Sexual Abuse,2022,776.0
1509,SD,Emotional Abuse,2015,22.0
1510,SD,Emotional Abuse,2016,27.0
1511,SD,Emotional Abuse,2017,18.0
1512,SD,Emotional Abuse,2018,36.0
1513,SD,Emotional Abuse,2019,19.0
1514,SD,Emotional Abuse,2020,40.0
1515,SD,Emotional Abuse,2021,57.0
1516,SD,Emotional Abuse,2022,28.0
1517,SD,Neglect,2015,940.0
1518,SD,Neglect,2016,1106.0
1519,SD,Neglect,2017,1189.0
1520,SD,Neglect,2018,1305.0
1521,SD,Neglect,2019,1409.0
1522,SD,Neglect,2020,1411.0
1523,SD,Neglect,2021,1302.0
1524,SD,Neglect,2022,1287.0
1525,SD,Physical Abuse,2015,122.0
1526,SD,Physical Abuse,2016,133.0
1527,SD,Physical Abuse,2017,150.0
1528,SD,Physical Abuse,2018,115.0
1529,SD,Physical Abuse,2019,141.0
1530,SD,Physical Abuse,2020,148.0
1531,SD,Physical Abuse,2021,136.0
1532,SD,Physical Abuse,2022,151.0
1533,SD,Sexual Abuse,2015,26.0
1534,SD,Sexual Abuse,2016,54.0
1535,SD,Sexual Abuse,2017,57.0
1536,SD,Sexual Abuse,2018,39.0
1537,SD,Sexual Abuse,2019,59.0
1538,SD,Sexual Abuse,2020,84.0
1539,SD,Sexual Abuse,2021,80.0
1540,SD,Sexual Abuse,2022,80.0
1541,TN,Emotional Abuse,2015,331.0
1542,TN,Emotional Abuse,2016,260.0
1543,TN,Emotional Abuse,2017,196.0
1544,TN,Emotional Abuse,2018,280.0
1545,TN,Emotional Abuse,2019,387.0
1546,TN,Emotional Abuse,2020,460.0
1547,TN,Emotional Abuse,2021,294.0
1548,TN,Emotional Abuse,2022,169.0
1549,TN,Medical Neglect,2015,172.0
1550,TN,Medical Neglect,2016,143.0
1551,TN,Medical Neglect,2017,133.0
1552,TN,Medical Neglect,2018,167.0
1553,TN,Medical Neglect,2019,144.0
1554,TN,Medical Neglect,2020,125.0
1555,TN,Medical Neglect,2021,106.0
1556,TN,Medical Neglect,2022,86.0
1557,TN,Neglect,2015,7492.0
1558,TN,Neglect,2016,2452.0
1559,TN,Neglect,2017,2183.0
1560,TN,Neglect,2018,1986.0
1561,TN,Neglect,2019,2435.0
1562,TN,Neglect,2020,2174.0
1563,TN,Neglect,2021,1748.0
1564,TN,Neglect,2022,1672.0
1565,TN,Physical Abuse,2015,1409.0
1566,TN,Physical Abuse,2016,5719.0
1567,TN,Physical Abuse,2017,5328.0
1568,TN,Physical Abuse,2018,5553.0
1569,TN,Physical Abuse,2019,5869.0
1570,TN,Physical Abuse,2020,5029.0
1571,TN,Physical Abuse,2021,4383.0
1572,TN,Physical Abuse,2022,3527.0
1573,TN,Sexual Abuse,2015,2608.0
1574,TN,Sexual Abuse,2016,2594.0
1575,TN,Sexual Abuse,2017,2492.0
1576,TN,Sexual Abuse,2018,2482.0
1577,TN,Sexual Abuse,2019,2426.0
1578,TN,Sexual Abuse,2020,2281.0
1579,TN,Sexual Abuse,2021,2355.0
1580,TN,Sexual Abuse,2022,2429.0
1581,TX,Emotional Abuse,2015,394.0
1582,TX,Emotional Abuse,2016,335.0
1583,TX,Emotional Abuse,2017,375.0
1584,TX,Emotional Abuse,2018,346.0
1585,TX,Emotional Abuse,2019,355.0
1586,TX,Emotional Abuse,2020,322.0
1587,TX,Emotional Abuse,2021,329.0
1588,TX,Emotional Abuse,2022,308.0
1589,TX,Medical Neglect,2015,1435.0
1590,TX,Medical Neglect,2016,1187.0
1591,TX,Medical Neglect,2017,1148.0
1592,TX,Medical Neglect,2018,1152.0
1593,TX,Medical Neglect,2019,1118.0
1594,TX,Medical Neglect,2020,947.0
1595,TX,Medical Neglect,2021,927.0
1596,TX,Medical Neglect,2022,823.0
1597,TX,Neglect,2015,51934.0
1598,TX,Neglect,2016,46932.0
1599,TX,Neglect,2017,50421.0
1600,TX,Neglect,2018,52534.0
1601,TX,Neglect,2019,53027.0
1602,TX,Neglect,2020,54687.0
1603,TX,Neglect,2021,54153.0
1604,TX,Neglect,2022,43411.0
1605,TX,Physical Abuse,2015,10349.0
1606,TX,Physical Abuse,2016,8183.0
1607,TX,Physical Abuse,2017,8646.0
1608,TX,Physical Abuse,2018,8084.0
1609,TX,Physical Abuse,2019,7685.0
1610,TX,Physical Abuse,2020,7292.0
1611,TX,Physical Abuse,2021,6968.0
1612,TX,Physical Abuse,2022,6309.0
1613,TX,Sexual Abuse,2015,5712.0
1614,TX,Sexual Abuse,2016,5685.0
1615,TX,Sexual Abuse,2017,6094.0
1616,TX,Sexual Abuse,2018,6494.0
1617,TX,Sexual Abuse,2019,6915.0
1618,TX,Sexual Abuse,2020,6571.0
1619,TX,Sexual Abuse,2021,7562.0
1620,TX,Sexual Abuse,2022,7140.0
1621,UT,Emotional Abuse,2015,2794.0
1622,UT,Emotional Abuse,2016,2850.0
1623,UT,Emotional Abuse,2017,2806.0
1624,UT,Emotional Abuse,2018,2861.0
1625,UT,Emotional Abuse,2019,3241.0
1626,UT,Emotional Abuse,2020,3534.0
1627,UT,Emotional Abuse,2021,3561.0
1628,UT,Emotional Abuse,2022,3233.0
1629,UT,Medical Neglect,2015,29.0
1630,UT,Medical Neglect,2016,34.0
1631,UT,Medical Neglect,2017,46.0
1632,UT,Medical Neglect,2018,54.0
1633,UT,Medical Neglect,2019,42.0
1634,UT,Medical Neglect,2020,53.0
1635,UT,Medical Neglect,2021,47.0
1636,UT,Medical Neglect,2022,36.0
1637,UT,Neglect,2015,2449.0
1638,UT,Neglect,2016,2726.0
1639,UT,Neglect,2017,2904.0
1640,UT,Neglect,2018,2918.0
1641,UT,Neglect,2019,2939.0
1642,UT,Neglect,2020,2558.0
1643,UT,Neglect,2021,2405.0
1644,UT,Neglect,2022,2150.0
1645,UT,Physical Abuse,2015,3927.0
1646,UT,Physical Abuse,2016,4349.0
1647,UT,Physical Abuse,2017,4468.0
1648,UT,Physical Abuse,2018,4550.0
1649,UT,Physical Abuse,2019,4555.0
1650,UT,Physical Abuse,2020,3702.0
1651,UT,Physical Abuse,2021,3786.0
1652,UT,Physical Abuse,2022,3485.0
1653,UT,Sexual Abuse,2015,2023.0
1654,UT,Sexual Abuse,2016,1671.0
1655,UT,Sexual Abuse,2017,1712.0
1656,UT,Sexual Abuse,2018,1715.0
1657,UT,Sexual Abuse,2019,1840.0
1658,UT,Sexual Abuse,2020,1650.0
1659,UT,Sexual Abuse,2021,1331.0
1660,UT,Sexual Abuse,2022,1684.0
1661,VA,Emotional Abuse,2015,69.0
1662,VA,Emotional Abuse,2016,78.0
1663,VA,Emotional Abuse,2017,84.0
1664,VA,Emotional Abuse,2018,94.0
1665,VA,Emotional Abuse,2019,67.0
1666,VA,Emotional Abuse,2020,94.0
1667,VA,Emotional Abuse,2021,65.0
1668,VA,Emotional Abuse,2022,74.0
1669,VA,Medical Neglect,2015,136.0
1670,VA,Medical Neglect,2016,153.0
1671,VA,Medical Neglect,2017,135.0
1672,VA,Medical Neglect,2018,141.0
1673,VA,Medical Neglect,2019,138.0
1674,VA,Medical Neglect,2020,125.0
1675,VA,Medical Neglect,2021,112.0
1676,VA,Medical Neglect,2022,81.0
1677,VA,Neglect,2015,3936.0
1678,VA,Neglect,2016,3702.0
1679,VA,Neglect,2017,4038.0
1680,VA,Neglect,2018,3984.0
1681,VA,Neglect,2019,3941.0
1682,VA,Neglect,2020,3740.0
1683,VA,Neglect,2021,3293.0
1684,VA,Neglect,2022,2922.0
1685,VA,Physical Abuse,2015,1810.0
1686,VA,Physical Abuse,2016,1779.0
1687,VA,Physical Abuse,2017,1821.0
1688,VA,Physical Abuse,2018,1743.0
1689,VA,Physical Abuse,2019,1719.0
1690,VA,Physical Abuse,2020,1499.0
1691,VA,Physical Abuse,2021,1192.0
1692,VA,Physical Abuse,2022,1100.0
1693,VA,Sexual Abuse,2015,633.0
1694,VA,Sexual Abuse,2016,683.0
1695,VA,Sexual Abuse,2017,675.0
1696,VA,Sexual Abuse,2018,689.0
1697,VA,Sexual Abuse,2019,738.0
1698,VA,Sexual Abuse,2020,689.0
1699,VA,Sexual Abuse,2021,727.0
1700,VA,Sexual Abuse,2022,684.0
1701,VT,Emotional Abuse,2015,7.0
1702,VT,Emotional Abuse,2016,1.0
1703,VT,Emotional Abuse,2018,6.0
1704,VT,Emotional Abuse,2019,14.0
1705,VT,Emotional Abuse,2020,2.0
1706,VT,Emotional Abuse,2021,2.0
1707,VT,Emotional Abuse,2022,2.0
1708,VT,Medical Neglect,2015,18.0
1709,VT,Medical Neglect,2016,11.0
1710,VT,Medical Neglect,2017,11.0
1711,VT,Medical Neglect,2018,16.0
1712,VT,Medical Neglect,2019,18.0
1713,VT,Medical Neglect,2020,11.0
1714,VT,Medical Neglect,2021,11.0
1715,VT,Medical Neglect,2022,24.0
1716,VT,Neglect,2015,22.0
1717,VT,Neglect,2016,12.0
1718,VT,Neglect,2017,21.0
1719,VT,Neglect,2018,11.0
1720,VT,Neglect,2019,25.0
1721,VT,Neglect,2020,4.0
1722,VT,Neglect,2021,4.0
1723,VT,Neglect,2022,22.0
1724,VT,Physical Abuse,2015,438.0
1725,VT,Physical Abuse,2016,436.0
1726,VT,Physical Abuse,2017,508.0
1727,VT,Physical Abuse,2018,556.0
1728,VT,Physical Abuse,2019,490.0
1729,VT,Physical Abuse,2020,394.0
1730,VT,Physical Abuse,2021,292.0
1731,VT,Physical Abuse,2022,394.0
1732,VT,Sexual Abuse,2015,472.0
1733,VT,Sexual Abuse,2016,378.0
1734,VT,Sexual Abuse,2017,364.0
1735,VT,Sexual Abuse,2018,393.0
1736,VT,Sexual Abuse,2019,336.0
1737,VT,Sexual Abuse,2020,124.0
1738,VT,Sexual Abuse,2021,104.0
1739,VT,Sexual Abuse,2022,262.0
1740,WA,Neglect,2015,4646.0
1741,WA,Neglect,2016,3674.0
1742,WA,Neglect,2017,3463.0
1743,WA,Neglect,2018,3491.0
1744,WA,Neglect,2019,3282.0
1745,WA,Neglect,2020,3046.0
1746,WA,Neglect,2021,2656.0
1747,WA,Neglect,2022,2513.0
1748,WA,Physical Abuse,2015,1182.0
1749,WA,Physical Abuse,2016,1024.0
1750,WA,Physical Abuse,2017,914.0
1751,WA,Physical Abuse,2018,923.0
1752,WA,Physical Abuse,2019,928.0
1753,WA,Physical Abuse,2020,859.0
1754,WA,Physical Abuse,2021,684.0
1755,WA,Physical Abuse,2022,767.0
1756,WA,Sexual Abuse,2015,538.0
1757,WA,Sexual Abuse,2016,474.0
1758,WA,Sexual Abuse,2017,466.0
1759,WA,Sexual Abuse,2018,523.0
1760,WA,Sexual Abuse,2019,484.0
1761,WA,Sexual Abuse,2020,464.0
1762,WA,Sexual Abuse,2021,516.0
1763,WA,Sexual Abuse,2022,476.0
1764,WI,Emotional Abuse,2015,37.0
1765,WI,Emotional Abuse,2016,22.0
1766,WI,Emotional Abuse,2017,40.0
1767,WI,Emotional Abuse,2018,28.0
1768,WI,Emotional Abuse,2019,31.0
1769,WI,Emotional Abuse,2020,24.0
1770,WI,Emotional Abuse,2021,44.0
1771,WI,Emotional Abuse,2022,17.0
1772,WI,Medical Neglect,2018,47.0
1773,WI,Medical Neglect,2019,89.0
1774,WI,Medical Neglect,2020,59.0
1775,WI,Medical Neglect,2021,51.0
1776,WI,Medical Neglect,2022,47.0
1777,WI,Neglect,2015,3071.0
1778,WI,Neglect,2016,3202.0
1779,WI,Neglect,2017,3265.0
1780,WI,Neglect,2018,3316.0
1781,WI,Neglect,2019,3075.0
1782,WI,Neglect,2020,2750.0
1783,WI,Neglect,2021,2796.0
1784,WI,Neglect,2022,2573.0
1785,WI,Physical Abuse,2015,839.0
1786,WI,Physical Abuse,2016,821.0
1787,WI,Physical Abuse,2017,776.0
1788,WI,Physical Abuse,2018,772.0
1789,WI,Physical Abuse,2019,713.0
1790,WI,Physical Abuse,2020,625.0
1791,WI,Physical Abuse,2021,547.0
1792,WI,Physical Abuse,2022,605.0
1793,WI,Sexual Abuse,2015,1093.0
1794,WI,Sexual Abuse,2016,999.0
1795,WI,Sexual Abuse,2017,1005.0
1796,WI,Sexual Abuse,2018,1100.0
1797,WI,Sexual Abuse,2019,967.0
1798,WI,Sexual Abuse,2020,932.0
1799,WI,Sexual Abuse,2021,1018.0
1800,WI,Sexual Abuse,2022,1052.0
1801,WV,Emotional Abuse,2015,2715.0
1802,WV,Emotional Abuse,2016,3709.0
1803,WV,Emotional Abuse,2017,4035.0
1804,WV,Emotional Abuse,2018,4231.0
1805,WV,Emotional Abuse,2019,4187.0
1806,WV,Emotional Abuse,2020,3966.0
1807,WV,Emotional Abuse,2021,3942.0
1808,WV,Emotional Abuse,2022,3495.0
1809,WV,Medical Neglect,2015,239.0
1810,WV,Medical Neglect,2016,350.0
1811,WV,Medical Neglect,2017,290.0
1812,WV,Medical Neglect,2018,344.0
1813,WV,Medical Neglect,2019,363.0
1814,WV,Medical Neglect,2020,330.0
1815,WV,Medical Neglect,2021,279.0
1816,WV,Medical Neglect,2022,298.0
1817,WV,Neglect,2015,2212.0
1818,WV,Neglect,2016,2509.0
1819,WV,Neglect,2017,2614.0
1820,WV,Neglect,2018,2779.0
1821,WV,Neglect,2019,2648.0
1822,WV,Neglect,2020,2499.0
1823,WV,Neglect,2021,2659.0
1824,WV,Neglect,2022,2452.0
1825,WV,Physical Abuse,2015,3391.0
1826,WV,Physical Abuse,2016,4574.0
1827,WV,Physical Abuse,2017,5052.0
1828,WV,Physical Abuse,2018,5453.0
1829,WV,Physical Abuse,2019,5316.0
1830,WV,Physical Abuse,2020,4875.0
1831,WV,Physical Abuse,2021,4704.0
1832,WV,Physical Abuse,2022,4175.0
1833,WV,Sexual Abuse,2015,196.0
1834,WV,Sexual Abuse,2016,256.0
1835,WV,Sexual Abuse,2017,228.0
1836,WV,Sexual Abuse,2018,222.0
1837,WV,Sexual Abuse,2019,236.0
1838,WV,Sexual Abuse,2020,239.0
1839,WV,Sexual Abuse,2021,243.0
1840,WV,Sexual Abuse,2022,271.0
1841,WY,Emotional Abuse,2015,183.0
1842,WY,Emotional Abuse,2016,225.0
1843,WY,Emotional Abuse,2017,285.0
1844,WY,Emotional Abuse,2018,344.0
1845,WY,Emotional Abuse,2019,349.0
1846,WY,Emotional Abuse,2020,342.0
1847,WY,Emotional Abuse,2021,310.0
1848,WY,Emotional Abuse,2022,275.0
1849,WY,Medical Neglect,2015,6.0
1850,WY,Medical Neglect,2016,3.0
1851,WY,Medical Neglect,2017,11.0
1852,WY,Medical Neglect,2018,12.0
1853,WY,Medical Neglect,2019,7.0
1854,WY,Medical Neglect,2020,3.0
1855,WY,Medical Neglect,2021,3.0
1856,WY,Medical Neglect,2022,3.0
1857,WY,Neglect,2015,765.0
1858,WY,Neglect,2016,726.0
1859,WY,Neglect,2017,708.0
1860,WY,Neglect,2018,826.0
1861,WY,Neglect,2019,828.0
1862,WY,Neglect,2020,760.0
1863,WY,Neglect,2021,696.0
1864,WY,Neglect,2022,659.0
1865,WY,Physical Abuse,2015,19.0
1866,WY,Physical Abuse,2016,29.0
1867,WY,Physical Abuse,2017,14.0
1868,WY,Physical Abuse,2018,14.0
1869,WY,Physical Abuse,2019,21.0
1870,WY,Physical Abuse,2020,23.0
1871,WY,Physical Abuse,2021,18.0
1872,WY,Physical Abuse,2022,15.0
1873,WY,Sexual Abuse,2015,67.0
1874,WY,Sexual Abuse,2016,77.0
1875,WY,Sexual Abuse,2017,61.0
1876,WY,Sexual Abuse,2018,67.0
1877,WY,Sexual Abuse,2019,72.0
1878,WY,Sexual Abuse,2020,46.0
1879,WY,Sexual Abuse,2021,46.0
1880,WY,Sexual Abuse,2022,64.0
